category,category_revenue
Electronics,1110332.0600000003
Accessories,989161.3200000003
Computing,908169.0099999997
